TERRA-X V1 — FINAL BILL OF MATERIALS,,,,,,,
4WD ESP32 Rover + Wi-Fi Camera + Rotating Inspection Cone,,,,,,,
,,,,,,,
ID,Category,Component,Specification / Purpose,Qty.,Unit Price (INR),Estimated Total (INR),Status / Notes
C1,Control,ESP32 DevKit,Main controller and Wi-Fi communication,1,400,400,
CAM1,Camera,ESP32-CAM module,Live video monitoring over Wi-Fi,1,550,550,
D1,Drive,BO geared motor,Matching voltage/RPM; one motor per wheel,4,60,240,
D2,Drive,BO motor wheel,Compatible with selected motor shaft,4,30,120,
D3,Drive,4WD chassis,Four-motor compatible chassis,1,350,350,
D4,Drive,L298N motor driver,Left-side motor pair,1,140,140,
D5,Drive,L298N motor driver,Right-side motor pair,1,140,140,
S1,Sensors,MPU6050 IMU,6-axis Gyroscope & Accelerometer for 3D Map,1,150,150,
S2,Sensors,HC-SR04 ultrasonic sensor,Obstacle detection,1,80,80,
S3,Sensors,SG90 Micro Servo,Sweeps the ultrasonic sensor for radar,1,90,90,
S4,Sensors,DHT11 sensor,Temperature and humidity,1,60,60,
L1,Lighting,White LED modules,Front camera illumination,4,15,60,
L2,Lighting,LED resistors,Current limiting,1,25,25,
P1,Power,Battery pack,Suitable for four BO motors,1,400,400,
P2,Power,Buck converter,Regulated electronics supply,1,120,120,
P3,Power,Main power switch,Main system isolation,1,40,40,
P4,Power,Battery connectors / terminals / charger,Power connections,1,200,200,
W1,Wiring,Half-size Breadboard,Central hub for VCC/GND and I2C wiring,1,60,60,
W2,Wiring,Jumper and signal wires,Sensor and GPIO connections,1,120,120,
W3,Wiring,Power wire,Motor and battery wiring,1,130,130,
W4,Wiring,Heat-shrink tubing,Insulation of joints,1,70,70,
K1,Cone Drive,DC geared motor,Rotating inspection cone,1,100,100,
K2,Cone Drive,MOSFET driver module,One-direction DC motor switching,1,100,100,
K3,Cone Drive,Flyback diode,Inductive spike suppression,1,20,20,
K4,Cone Drive,Motor mounting bracket,Rigid motor support,1,150,150,
K5,Cone Drive,Shaft coupler,Connect motor shaft to cone shaft,1,150,150,
K6,Cone Drive,Rotating cone,Inspection nose / rotating attachment,1,200,200,
K7,Cone Drive,Cone motor fuse + holder,Protection for cone motor branch,1,70,70,
M1,Mechanical,M3 screw/nut/washer kit,Chassis and module mounting,1,150,150,
M2,Mechanical,Nylon/brass spacers,Board and module spacing,1,100,100,
M3,Mechanical,L-brackets,Payload and cone support,1,120,120,
M4,Mechanical,Cable clips / strain relief,Wire routing and protection,1,80,80,
P5,Protection,Main fuse + holder,Battery-side protection,1,70,70,
P6,Protection,Emergency cutoff switch,Independent cone isolation,1,150,150,
E1,Electronics,Perfboard and pin headers,Small permanent circuits,1,80,80,
,,,,,,,
,,,,,TOTAL,5090,
,,,,,Contingency (10%),509,
,,,,,TOTAL INCLUDING CONTINGENCY,5599,
